key,count,share
Thursday,16663,0.15615072485498216
Friday,16628,0.15582273617527714
Wednesday,16466,0.15430461714349974
Tuesday,16057,0.15047183514351847
Monday,15292,0.14330293971568067
Saturday,14768,0.13839248062524012
Sunday,10837,0.10155466634180169
