country,businesses,share
United States,144771,0.9629188671464488
Canada,5573,0.03706783020499382
Other/Unknown,2,1.3302648557327764e-05
